報告年月日,勤務時間,本日の作業実績,特命WG活動,今後の作業予定,その他コミュニケーション概要,その他事項（相談・伝達事項、所感等）
2021/05/15,08:30~17:30,ねてった,なし,おおおおんｎ,エアビー,お疲れさまでした。来週のこの時間は〜
2021/05/15,08:30~17:30,ねてった,なし,おおおおんｎ,エアビー,お疲れさまでした。来週のこの時間は〜
2021/05/15,08:30~17:30,ねてった,なし,おおおおんｎ,エアビー,お疲れさまでした。来週のこの時間は〜
2021/05/15,08:30~17:30,ねてった,なし,おおおおんｎ,エアビー,お疲れさまでした。来週のこの時間は〜
2021/05/15,08:30~17:30,ねてった,なし,おおおおんｎ,エアビー,お疲れさまでした。来週のこの時間は〜
2021/05/15,08:30~17:30,ねてった,なし,おおおおんｎ,エアビー,お疲れさまでした。来週のこの時間は〜
2021/05/15,08:30~17:30,ねてった,なし,おおおおんｎ,エアビー,お疲れさまでした。来週のこの時間は〜
2021/05/15,08:30~17:30,ねてった,なし,おおおおんｎ,エアビー,お疲れさまでした。来週のこの時間は〜
2021/05/15,08:30~17:30,ねてった,なし,おおおおんｎ,エアビー,お疲れさまでした。来週のこの時間は〜
2021/05/15,08:30~17:30,ねてった,なし,おおおおんｎ,エアビー,お疲れさまでした。来週のこの時間は〜
2021/05/15,08:30~17:30,ねてった,なし,おおおおんｎ,エアビー,お疲れさまでした。来週のこの時間は〜
2021/05/15,08:30~17:30,ねてった,なし,おおおおんｎ,エアビー,お疲れさまでした。来週のこの時間は〜
2021/05/15,08:30~17:30,ねてった,なし,おおおおんｎ,エアビー,お疲れさまでした。来週のこの時間は〜
2021/05/15,08:30~17:30,ねてった,なし,おおおおんｎ,エアビー,お疲れさまでした。来週のこの時間は〜
2021/05/15,08:30~17:30,ねてった,なし,おおおおんｎ,エアビー,お疲れさまでした。来週のこの時間は〜
2021/05/15,08:30~17:30,ねてった,なし,おおおおんｎ,エアビー,お疲れさまでした。来週のこの時間は〜
2021/05/15,08:30~17:30,ねてった,なし,おおおおんｎ,エアビー,お疲れさまでした。来週のこの時間は〜
2021/05/15,08:30~17:30,ねてった,なし,おおおおんｎ,エアビー,お疲れさまでした。来週のこの時間は〜
2021/05/15,08:30~17:30,ねてった,なし,おおおおんｎ,エアビー,お疲れさまでした。来週のこの時間は〜
2021/05/15,08:30~17:30,ねてった,なし,おおおおんｎ,エアビー,お疲れさまでした。来週のこの時間は〜
2021/05/15,08:30~17:30,ねてった,なし,おおおおんｎ,エアビー,お疲れさまでした。来週のこの時間は〜
2021/05/15,08:30~17:30,ねてった,なし,おおおおんｎ,エアビー,お疲れさまでした。来週のこの時間は〜
2021/05/15,08:30~17:30,ねてった,なし,おおおおんｎ,エアビー,お疲れさまでした。来週のこの時間は〜
2021/05/15,08:30~17:30,ねてった,なし,おおおおんｎ,エアビー,お疲れさまでした。来週のこの時間は〜
2021/05/15,08:30~17:30,ねてった,なし,おおおおんｎ,エアビー,お疲れさまでした。来週のこの時間は〜
